300300,c.holmes@randatmail.com,Carl,Holmes
300301,NULL,NULL,NULL
300302,NULL,NULL,NULL
300303,g.barnes@randatmail.com,Grace,Barnes
300304,j.baker@randatmail.com,James,Baker
300305,NULL,NULL,NULL
300306,NULL,NULL,NULL
300307,NULL,NULL,NULL
300308,r.baker@randatmail.com,Reid,Baker
300309,v.west@randatmail.com,Violet,West
300310,NULL,NULL,NULL
300311,e.perkins@randatmail.com,Edward,Perkins
300312,NULL,NULL,NULL
300313,NULL,NULL,NULL
300314,i.moore@randatmail.com,Isabella,Moore
300315,m.morris@randatmail.com,Maria,Morris
300316,NULL,NULL,NULL
300317,NULL,NULL,NULL
300318,d.hill@randatmail.com,Derek,Hill
300319,a.casey@randatmail.com,Adrian,Casey
300320,a.edwards@randatmail.com,Andrew,Edwards
300321,s.thomas@randatmail.com,Sienna,Thomas
300322,t.kelley@randatmail.com,Tara,Kelley
300323,NULL,NULL,NULL
300324,m.wright@randatmail.com,Madaline,Wright
300325,n.chapman@randatmail.com,Natalie,Chapman
300326,p.grant@randatmail.com,Patrick,Grant
300327,NULL,NULL,NULL
300328,NULL,NULL,NULL
300329,NULL,NULL,NULL
300330,NULL,NULL,NULL
300331,t.anderson@randatmail.com,Tyler,Anderson
300332,d.mason@randatmail.com,Dexter,Mason
300333,n.elliott@randatmail.com,Naomi,Elliott
300334,h.mitchell@randatmail.com,Harold,Mitchell
300335,w.tucker@randatmail.com,William,Tucker
300336,l.henderson@randatmail.com,Lyndon,Henderson
300337,j.chapman@randatmail.com,Jenna,Chapman
300338,j.stevens@randatmail.com,Julia,Stevens
300339,a.turner@randatmail.com,Alford,Turner
300340,r.thompson@randatmail.com,Reid,Thompson
300341,d.brooks@randatmail.com,Daisy,Brooks
300342,e.ross@randatmail.com,Edgar,Ross
300343,g.chapman@randatmail.com,Grace,Chapman
300344,k.mason@randatmail.com,Kelsey,Mason
300345,c.stewart@randatmail.com,Caroline,Stewart
300346,c.moore@randatmail.com,Chloe,Moore
300347,j.morgan@randatmail.com,Jordan,Morgan
300348,NULL,NULL,NULL
300349,NULL,NULL,NULL
300350,a.andrews@randatmail.com,Alisa,Andrews
300351,c.hamilton@randatmail.com,Chester,Hamilton
300352,b.wright@randatmail.com,Byron,Wright
300353,a.alexander@randatmail.com,Alexander,Alexander
300354,k.morris@randatmail.com,Kellan,Morris
300355,NULL,NULL,NULL
300356,d.evans@randatmail.com,Dominik,Evans
300357,NULL,NULL,NULL
300358,a.allen@randatmail.com,Arthur,Allen
300359,NULL,NULL,NULL
300360,NULL,NULL,NULL
300361,NULL,NULL,NULL
300362,NULL,NULL,NULL
300363,a.jones@randatmail.com,Arthur,Jones
300364,NULL,NULL,NULL
300365,NULL,NULL,NULL
300366,c.ryan@randatmail.com,Chelsea,Ryan
300367,a.bailey@randatmail.com,Aiden,Bailey
300368,e.gray@randatmail.com,Eddy,Gray
300369,NULL,NULL,NULL
300370,NULL,NULL,NULL
300371,s.robinson@randatmail.com,Spike,Robinson
300372,s.roberts@randatmail.com,Sydney,Roberts
300373,NULL,NULL,NULL
300374,s.stevens@randatmail.com,Sofia,Stevens
300375,a.brown@randatmail.com,Alberta,Brown
300376,h.wilson@randatmail.com,Heather,Wilson
300377,j.ryan@randatmail.com,Justin,Ryan
300378,NULL,NULL,NULL
300379,NULL,NULL,NULL
300380,a.campbell@randatmail.com,Alexia,Campbell
300381,k.andrews@randatmail.com,Kellan,Andrews
300382,r.carter@randatmail.com,Ryan,Carter
300383,a.perkins@randatmail.com,Abraham,Perkins
300384,m.ferguson@randatmail.com,Marcus,Ferguson
300385,NULL,NULL,NULL
300386,a.casey@randatmail.com,Andrew,Casey
300387,NULL,NULL,NULL
300388,n.hunt@randatmail.com,Natalie,Hunt
300389,w.scott@randatmail.com,Wilson,Scott
300390,e.edwards@randatmail.com,Edith,Edwards
300391,a.clark@randatmail.com,Adam,Clark
300392,NULL,NULL,NULL
300393,p.gray@randatmail.com,Preston,Gray
300394,NULL,NULL,NULL
300395,c.alexander@randatmail.com,Clark,Alexander
300396,NULL,NULL,NULL
300397,w.smith@randatmail.com,Wilson,Smith
300398,NULL,NULL,NULL
300399,NULL,NULL,NULL
300400,t.kelly@randatmail.com,Tiana,Kelly
300401,n.payne@randatmail.com,Naomi,Payne
300402,NULL,NULL,NULL
300403,NULL,NULL,NULL
300404,j.nelson@randatmail.com,Jasmine,Nelson
300405,a.evans@randatmail.com,Abraham,Evans
300406,NULL,NULL,NULL
300407,a.thomas@randatmail.com,Aida,Thomas
300408,NULL,NULL,NULL
300409,e.kelley@randatmail.com,Ellia,Kelley
300410,r.kelley@randatmail.com,Rosie,Kelley
300411,NULL,NULL,NULL
300412,NULL,NULL,NULL
300413,m.watson@randatmail.com,Michelle,Watson
300414,a.ferguson@randatmail.com,Amber,Ferguson
300415,s.alexander@randatmail.com,Sarah,Alexander
300416,c.miller@randatmail.com,Connie,Miller
300417,NULL,NULL,NULL
300418,j.lloyd@randatmail.com,James,Lloyd
300419,a.owens@randatmail.com,Aiden,Owens
300420,a.cooper@randatmail.com,Alisa,Cooper
300421,s.murphy@randatmail.com,Samantha,Murphy
300422,a.miller@randatmail.com,Amber,Miller
300423,d.henderson@randatmail.com,Derek,Henderson
300424,b.harris@randatmail.com,Blake,Harris
300425,NULL,NULL,NULL
300426,s.carter@randatmail.com,Sam,Carter
300427,b.morris@randatmail.com,Briony,Morris
300428,l.murray@randatmail.com,Lana,Murray
300429,NULL,NULL,NULL
300430,g.carroll@randatmail.com,Gianna,Carroll
300431,NULL,NULL,NULL
300432,NULL,NULL,NULL
300433,r.thompson@randatmail.com,Ryan,Thompson
300434,m.grant@randatmail.com,Miller,Grant
300435,a.russell@randatmail.com,April,Russell
300436,NULL,NULL,NULL
300437,c.adams@randatmail.com,Chelsea,Adams
300438,s.douglas@randatmail.com,Samantha,Douglas
300439,NULL,NULL,NULL
300440,NULL,NULL,NULL
300441,e.moore@randatmail.com,Elian,Moore
300442,NULL,NULL,NULL
300443,NULL,NULL,NULL
300444,NULL,NULL,NULL
300445,NULL,NULL,NULL
300446,NULL,NULL,NULL
300447,NULL,NULL,NULL
300448,NULL,NULL,NULL
300449,m.elliott@randatmail.com,Michelle,Elliott
300450,NULL,NULL,NULL
300451,v.hall@randatmail.com,Vincent,Hall
300452,p.crawford@randatmail.com,Patrick,Crawford
300453,NULL,NULL,NULL
300454,r.chapman@randatmail.com,Ryan,Chapman
300455,NULL,NULL,NULL
300456,n.morris@randatmail.com,Nicole,Morris
300457,NULL,NULL,NULL
300458,NULL,NULL,NULL
300459,g.watson@randatmail.com,Grace,Watson
300460,l.russell@randatmail.com,Lyndon,Russell
300461,a.campbell@randatmail.com,Andrew,Campbell
300462,e.taylor@randatmail.com,Eleanor,Taylor
300463,a.dixon@randatmail.com,Aiden,Dixon
300464,e.wilson@randatmail.com,Emma,Wilson
300465,a.casey@randatmail.com,Alan,Casey
300466,a.reed@randatmail.com,Adele,Reed
300467,s.hill@randatmail.com,Sydney,Hill
300468,NULL,NULL,NULL
300469,NULL,NULL,NULL
300470,NULL,NULL,NULL
300471,NULL,NULL,NULL
300472,a.johnson@randatmail.com,Alissa,Johnson
300473,m.brown@randatmail.com,Max,Brown
300474,NULL,NULL,NULL
300475,NULL,NULL,NULL
300476,d.richardson@randatmail.com,Dale,Richardson
300477,d.smith@randatmail.com,Dainton,Smith
300478,NULL,NULL,NULL
300479,c.watson@randatmail.com,Caroline,Watson
300480,NULL,NULL,NULL
300481,j.gibson@randatmail.com,Joyce,Gibson
300482,s.warren@randatmail.com,Sawyer,Warren
300483,a.douglas@randatmail.com,Adele,Douglas
300484,NULL,NULL,NULL
300485,k.hall@randatmail.com,Kellan,Hall
300486,NULL,NULL,NULL
300487,NULL,NULL,NULL
300488,t.moore@randatmail.com,Tess,Moore
300489,t.gibson@randatmail.com,Tess,Gibson
300490,NULL,NULL,NULL
300491,a.russell@randatmail.com,Adrianna,Russell
300492,NULL,NULL,NULL
300493,d.allen@randatmail.com,Dexter,Allen
300494,NULL,NULL,NULL
300495,c.anderson@randatmail.com,Clark,Anderson
300496,NULL,NULL,NULL
300497,NULL,NULL,NULL
300498,r.cameron@randatmail.com,Roland,Cameron
300499,NULL,NULL,NULL
300500,NULL,NULL,NULL
300501,j.jones@randatmail.com,Jasmine,Jones
300502,c.holmes@randatmail.com,Clark,Holmes
300503,e.wright@randatmail.com,Emma,Wright
300504,k.roberts@randatmail.com,Kelsey,Roberts
300505,NULL,NULL,NULL
300506,a.riley@randatmail.com,Ada,Riley
300507,d.smith@randatmail.com,Dexter,Smith
300508,d.chapman@randatmail.com,Daryl,Chapman
300509,NULL,NULL,NULL
300510,NULL,NULL,NULL
300511,j.wright@randatmail.com,James,Wright
300512,a.cole@randatmail.com,Amber,Cole
300513,s.foster@randatmail.com,Spike,Foster
300514,NULL,NULL,NULL
300515,NULL,NULL,NULL
300516,j.williams@randatmail.com,Jordan,Williams
300517,NULL,NULL,NULL
300518,NULL,NULL,NULL
300519,k.reed@randatmail.com,Kelvin,Reed
300520,NULL,NULL,NULL
300521,NULL,NULL,NULL
300522,NULL,NULL,NULL
300523,t.holmes@randatmail.com,Tony,Holmes
300524,e.mason@randatmail.com,Elise,Mason
300525,a.cooper@randatmail.com,Audrey,Cooper
300526,a.hawkins@randatmail.com,Alen,Hawkins
300527,NULL,NULL,NULL
300528,NULL,NULL,NULL
300529,c.taylor@randatmail.com,Clark,Taylor
300530,d.barrett@randatmail.com,David,Barrett
300531,b.grant@randatmail.com,Blake,Grant
300532,w.chapman@randatmail.com,Wilson,Chapman
300533,NULL,NULL,NULL
300534,NULL,NULL,NULL
300535,a.farrell@randatmail.com,Amy,Farrell
300536,j.richardson@randatmail.com,Joyce,Richardson
300537,NULL,NULL,NULL
300538,e.thomas@randatmail.com,Eleanor,Thomas
300539,e.gray@randatmail.com,Eric,Gray
300540,NULL,NULL,NULL
300541,NULL,NULL,NULL
300542,NULL,NULL,NULL
300543,b.rogers@randatmail.com,Belinda,Rogers
300544,NULL,NULL,NULL
300545,a.roberts@randatmail.com,Amelia,Roberts
300546,NULL,NULL,NULL
300547,NULL,NULL,NULL
300548,s.rogers@randatmail.com,Sawyer,Rogers
300549,NULL,NULL,NULL
300550,NULL,NULL,NULL
300551,k.allen@randatmail.com,Kristian,Allen
300552,d.douglas@randatmail.com,Dale,Douglas
300553,a.ellis@randatmail.com,Adrian,Ellis
300554,NULL,NULL,NULL
300555,NULL,NULL,NULL
300556,d.rogers@randatmail.com,David,Rogers
300557,l.lloyd@randatmail.com,Lucas,Lloyd
300558,b.andrews@randatmail.com,Briony,Andrews
300559,m.martin@randatmail.com,Maximilian,Martin
300560,NULL,NULL,NULL
300561,r.carroll@randatmail.com,Reid,Carroll
300562,NULL,NULL,NULL
300563,n.dixon@randatmail.com,Nicholas,Dixon
300564,v.foster@randatmail.com,Vincent,Foster
300565,r.morgan@randatmail.com,Rebecca,Morgan
300566,m.evans@randatmail.com,Miranda,Evans
300567,NULL,NULL,NULL
300568,NULL,NULL,NULL
300569,NULL,NULL,NULL
300570,s.perkins@randatmail.com,Sawyer,Perkins
300571,a.dixon@randatmail.com,Alberta,Dixon
300572,NULL,NULL,NULL
300573,s.payne@randatmail.com,Sydney,Payne
300574,e.ellis@randatmail.com,Emma,Ellis
300575,NULL,NULL,NULL
300576,s.henderson@randatmail.com,Stella,Henderson
300577,NULL,NULL,NULL
300578,NULL,NULL,NULL
300579,n.ross@randatmail.com,Nicholas,Ross
300580,i.riley@randatmail.com,Isabella,Riley
300581,j.riley@randatmail.com,Jacob,Riley
300582,t.ross@randatmail.com,Tara,Ross
300583,a.martin@randatmail.com,Arthur,Martin
300584,NULL,NULL,NULL
300585,NULL,NULL,NULL
300586,NULL,NULL,NULL
300587,e.nelson@randatmail.com,Ellia,Nelson
300588,NULL,NULL,NULL
300589,NULL,NULL,NULL
300590,NULL,NULL,NULL
300591,NULL,NULL,NULL
300592,NULL,NULL,NULL
300593,e.cunningham@randatmail.com,Eleanor,Cunningham
300594,a.adams@randatmail.com,Aston,Adams
300595,e.ross@randatmail.com,Evelyn,Ross
300596,NULL,NULL,NULL
300597,NULL,NULL,NULL
300598,p.jones@randatmail.com,Paige,Jones
300599,NULL,NULL,NULL
300600,m.chapman@randatmail.com,Maria,Chapman
300601,NULL,NULL,NULL
300602,g.sullivan@randatmail.com,George,Sullivan
300603,s.carroll@randatmail.com,Spike,Carroll
300604,a.ellis@randatmail.com,Alberta,Ellis
300605,NULL,NULL,NULL
300606,NULL,NULL,NULL
300607,NULL,NULL,NULL
300608,d.williams@randatmail.com,Derek,Williams
300609,e.russell@randatmail.com,Edgar,Russell
300610,l.morgan@randatmail.com,Lucia,Morgan
300611,p.tucker@randatmail.com,Paul,Tucker
300612,m.davis@randatmail.com,Mary,Davis
300613,c.davis@randatmail.com,Charlotte,Davis
300614,a.barrett@randatmail.com,Abigail,Barrett
300615,NULL,NULL,NULL
300616,NULL,NULL,NULL
300617,a.campbell@randatmail.com,Audrey,Campbell
300618,NULL,NULL,NULL
300619,NULL,NULL,NULL
300620,m.jones@randatmail.com,Melanie,Jones
300621,c.parker@randatmail.com,Catherine,Parker
300622,NULL,NULL,NULL
300623,e.gibson@randatmail.com,Ellia,Gibson
300624,l.carroll@randatmail.com,Lilianna,Carroll
300625,l.cameron@randatmail.com,Lucia,Cameron
300626,e.evans@randatmail.com,Elian,Evans
300627,d.adams@randatmail.com,Daniel,Adams
300628,r.hawkins@randatmail.com,Richard,Hawkins
300629,j.robinson@randatmail.com,Jacob,Robinson
300630,s.moore@randatmail.com,Sabrina,Moore
300631,m.morris@randatmail.com,Maximilian,Morris
300632,NULL,NULL,NULL
300633,a.murphy@randatmail.com,Adrianna,Murphy
300634,a.ellis@randatmail.com,Abigail,Ellis
300635,j.stewart@randatmail.com,Jared,Stewart
300636,NULL,NULL,NULL
300637,m.richards@randatmail.com,Michael,Richards
300638,p.johnston@randatmail.com,Preston,Johnston
300639,v.davis@randatmail.com,Vanessa,Davis
300640,c.adams@randatmail.com,Catherine,Adams
300641,NULL,NULL,NULL
300642,a.mason@randatmail.com,Amelia,Mason
300643,a.hamilton@randatmail.com,Alina,Hamilton
300644,NULL,NULL,NULL
300645,NULL,NULL,NULL
300646,e.douglas@randatmail.com,Edward,Douglas
300647,NULL,NULL,NULL
300648,NULL,NULL,NULL
300649,h.howard@randatmail.com,Harold,Howard
300650,NULL,NULL,NULL
300651,r.robinson@randatmail.com,Rafael,Robinson
300652,NULL,NULL,NULL
300653,a.west@randatmail.com,Adelaide,West
300654,a.wells@randatmail.com,Adrian,Wells
300655,NULL,NULL,NULL
300656,NULL,NULL,NULL
300657,r.cunningham@randatmail.com,Richard,Cunningham
300658,s.campbell@randatmail.com,Stuart,Campbell
300659,l.howard@randatmail.com,Lenny,Howard
300660,a.payne@randatmail.com,Andrew,Payne
300661,s.mason@randatmail.com,Sam,Mason
300662,NULL,NULL,NULL
300663,NULL,NULL,NULL
300664,NULL,NULL,NULL
300665,NULL,NULL,NULL
300666,NULL,NULL,NULL
300667,p.hawkins@randatmail.com,Preston,Hawkins
300668,NULL,NULL,NULL
300669,NULL,NULL,NULL
300670,e.lloyd@randatmail.com,Elise,Lloyd
300671,n.west@randatmail.com,Nicole,West
300672,p.clark@randatmail.com,Preston,Clark
300673,k.payne@randatmail.com,Kevin,Payne
300674,a.brown@randatmail.com,Amber,Brown
300675,NULL,NULL,NULL
300676,NULL,NULL,NULL
300677,a.gray@randatmail.com,Amanda,Gray
300678,d.brown@randatmail.com,Daniel,Brown
300679,a.martin@randatmail.com,Amanda,Martin
300680,NULL,NULL,NULL
300681,l.mason@randatmail.com,Lucy,Mason
300682,a.perry@randatmail.com,Ashton,Perry
300683,NULL,NULL,NULL
300684,d.davis@randatmail.com,Deanna,Davis
300685,r.farrell@randatmail.com,Rafael,Farrell
300686,NULL,NULL,NULL
300687,v.casey@randatmail.com,Vanessa,Casey
300688,c.gray@randatmail.com,Carlos,Gray
300689,a.higgins@randatmail.com,Alina,Higgins
300690,NULL,NULL,NULL
300691,j.dixon@randatmail.com,John,Dixon
300692,e.rogers@randatmail.com,Elian,Rogers
300693,NULL,NULL,NULL
300694,NULL,NULL,NULL
300695,NULL,NULL,NULL
300696,NULL,NULL,NULL
300697,NULL,NULL,NULL
300698,NULL,NULL,NULL
300699,NULL,NULL,NULL
300700,c.owens@randatmail.com,Chelsea,Owens
300701,m.watson@randatmail.com,Maximilian,Watson
300702,d.wilson@randatmail.com,Darcy,Wilson
300703,c.barnes@randatmail.com,Connie,Barnes
300704,NULL,NULL,NULL
300705,NULL,NULL,NULL
300706,c.williams@randatmail.com,Carina,Williams
300707,a.taylor@randatmail.com,Alina,Taylor
300708,r.clark@randatmail.com,Rafael,Clark
300709,a.farrell@randatmail.com,Audrey,Farrell
300710,e.andrews@randatmail.com,Evelyn,Andrews
300711,NULL,NULL,NULL
300712,a.richardson@randatmail.com,Alissa,Richardson
300713,l.bennett@randatmail.com,Lana,Bennett
300714,NULL,NULL,NULL
300715,f.roberts@randatmail.com,Fiona,Roberts
300716,d.sullivan@randatmail.com,Derek,Sullivan
300717,NULL,NULL,NULL
300718,c.hunt@randatmail.com,Charlotte,Hunt
300719,l.scott@randatmail.com,Lily,Scott
300720,a.lloyd@randatmail.com,Alissa,Lloyd
300721,b.richardson@randatmail.com,Byron,Richardson
300722,a.watson@randatmail.com,Annabella,Watson
300723,g.brooks@randatmail.com,Gianna,Brooks
300724,l.perkins@randatmail.com,Luke,Perkins
300725,t.harris@randatmail.com,Thomas,Harris
300726,c.phillips@randatmail.com,Chelsea,Phillips
300727,r.campbell@randatmail.com,Ryan,Campbell
300728,m.evans@randatmail.com,Marcus,Evans
300729,NULL,NULL,NULL
300730,NULL,NULL,NULL
300731,s.mason@randatmail.com,Savana,Mason
300732,a.fowler@randatmail.com,Antony,Fowler
300733,m.harrison@randatmail.com,Michelle,Harrison
300734,h.stevens@randatmail.com,Henry,Stevens
300735,t.howard@randatmail.com,Tyler,Howard
300736,NULL,NULL,NULL
300737,NULL,NULL,NULL
300738,NULL,NULL,NULL
300739,NULL,NULL,NULL
300740,NULL,NULL,NULL
300741,a.owens@randatmail.com,Alford,Owens
300742,NULL,NULL,NULL
300743,NULL,NULL,NULL
300744,NULL,NULL,NULL
300745,a.harper@randatmail.com,Anna,Harper
300746,k.casey@randatmail.com,Kimberly,Casey
300747,NULL,NULL,NULL
300748,NULL,NULL,NULL
300749,s.payne@randatmail.com,Savana,Payne
300750,o.richards@randatmail.com,Olivia,Richards
300751,l.moore@randatmail.com,Lucia,Moore
300752,NULL,NULL,NULL
300753,NULL,NULL,NULL
300754,NULL,NULL,NULL
300755,m.mason@randatmail.com,Max,Mason
300756,NULL,NULL,NULL
300757,m.casey@randatmail.com,Miller,Casey
300758,e.farrell@randatmail.com,Emily,Farrell
300759,f.carroll@randatmail.com,Florrie,Carroll
300760,l.alexander@randatmail.com,Lily,Alexander
300761,e.richardson@randatmail.com,Emma,Richardson
300762,NULL,NULL,NULL
300763,t.mason@randatmail.com,Tiana,Mason
300764,NULL,NULL,NULL
300765,NULL,NULL,NULL
300766,p.anderson@randatmail.com,Patrick,Anderson
300767,NULL,NULL,NULL
300768,NULL,NULL,NULL
300769,h.sullivan@randatmail.com,Heather,Sullivan
300770,l.barrett@randatmail.com,Lyndon,Barrett
300771,NULL,NULL,NULL
300772,NULL,NULL,NULL
300773,e.walker@randatmail.com,Eric,Walker
300774,w.hill@randatmail.com,Wilson,Hill
300775,a.johnson@randatmail.com,Arianna,Johnson
300776,NULL,NULL,NULL
300777,NULL,NULL,NULL
300778,NULL,NULL,NULL
300779,j.smith@randatmail.com,Julian,Smith
300780,l.johnson@randatmail.com,Luke,Johnson
300781,NULL,NULL,NULL
300782,NULL,NULL,NULL
300783,b.brown@randatmail.com,Byron,Brown
300784,l.evans@randatmail.com,Lenny,Evans
300785,NULL,NULL,NULL
300786,NULL,NULL,NULL
300787,NULL,NULL,NULL
300788,t.farrell@randatmail.com,Thomas,Farrell
300789,NULL,NULL,NULL
300790,NULL,NULL,NULL
300791,a.walker@randatmail.com,Abigail,Walker
300792,NULL,NULL,NULL
300793,c.mason@randatmail.com,Connie,Mason
300794,d.johnston@randatmail.com,Dominik,Johnston
300795,d.armstrong@randatmail.com,Dale,Armstrong
300796,v.thompson@randatmail.com,Victor,Thompson
300797,c.howard@randatmail.com,Camila,Howard
300798,v.smith@randatmail.com,Vivian,Smith
300799,o.perkins@randatmail.com,Oscar,Perkins
300800,NULL,NULL,NULL
300801,s.foster@randatmail.com,Steven,Foster
300802,j.moore@randatmail.com,Jared,Moore
300803,s.harper@randatmail.com,Spike,Harper
300804,s.harper@randatmail.com,Sarah,Harper
300805,s.ross@randatmail.com,Steven,Ross
300806,NULL,NULL,NULL
300807,NULL,NULL,NULL
300808,e.edwards@randatmail.com,Eleanor,Edwards
300809,a.kelly@randatmail.com,Arnold,Kelly
300810,a.carroll@randatmail.com,Adrianna,Carroll
300811,d.higgins@randatmail.com,Dale,Higgins
300812,NULL,NULL,NULL
300813,h.wright@randatmail.com,Haris,Wright
300814,NULL,NULL,NULL
300815,NULL,NULL,NULL
300816,d.russell@randatmail.com,Dexter,Russell
300817,a.johnston@randatmail.com,Alexia,Johnston
300818,a.ferguson@randatmail.com,Aiden,Ferguson
300819,NULL,NULL,NULL
300820,s.allen@randatmail.com,Savana,Allen
300821,s.russell@randatmail.com,Sophia,Russell
300822,NULL,NULL,NULL
300823,e.farrell@randatmail.com,Eleanor,Farrell
300824,NULL,NULL,NULL
300825,a.lloyd@randatmail.com,April,Lloyd
300826,v.hawkins@randatmail.com,Victor,Hawkins
300827,NULL,NULL,NULL
300828,m.montgomery@randatmail.com,Maria,Montgomery
300829,g.stewart@randatmail.com,Gianna,Stewart
300830,s.clark@randatmail.com,Sam,Clark
300831,NULL,NULL,NULL
300832,r.spencer@randatmail.com,Ryan,Spencer
300833,s.watson@randatmail.com,Steven,Watson
300834,NULL,NULL,NULL
300835,NULL,NULL,NULL
300836,l.phillips@randatmail.com,Lyndon,Phillips
300837,r.kelly@randatmail.com,Richard,Kelly
300838,NULL,NULL,NULL
300839,m.lloyd@randatmail.com,Miley,Lloyd
300840,a.stevens@randatmail.com,Alexia,Stevens
300841,s.morrison@randatmail.com,Sam,Morrison
300842,p.owens@randatmail.com,Patrick,Owens
300843,a.stevens@randatmail.com,Ada,Stevens
300844,c.rogers@randatmail.com,Caroline,Rogers
300845,NULL,NULL,NULL
300846,e.williams@randatmail.com,Ellia,Williams
300847,NULL,NULL,NULL
300848,NULL,NULL,NULL
300849,j.brooks@randatmail.com,Jasmine,Brooks
300850,NULL,NULL,NULL
300851,a.perry@randatmail.com,Alexia,Perry
300852,d.rogers@randatmail.com,Derek,Rogers
300853,NULL,NULL,NULL
300854,a.nelson@randatmail.com,Anna,Nelson
300855,s.myers@randatmail.com,Sienna,Myers
300856,NULL,NULL,NULL
300857,g.wells@randatmail.com,Garry,Wells
300858,NULL,NULL,NULL
300859,NULL,NULL,NULL
300860,a.morgan@randatmail.com,Adelaide,Morgan
300861,NULL,NULL,NULL
300862,o.taylor@randatmail.com,Oliver,Taylor
300863,m.wilson@randatmail.com,Melissa,Wilson
300864,NULL,NULL,NULL
300865,a.smith@randatmail.com,Aida,Smith
300866,NULL,NULL,NULL
300867,s.moore@randatmail.com,Sarah,Moore
300868,t.jones@randatmail.com,Tony,Jones
300869,s.spencer@randatmail.com,Stella,Spencer
300870,e.sullivan@randatmail.com,Eddy,Sullivan
300871,NULL,NULL,NULL
300872,m.howard@randatmail.com,Marcus,Howard
300873,a.richards@randatmail.com,Amanda,Richards
300874,a.elliott@randatmail.com,Adam,Elliott
300875,NULL,NULL,NULL
300876,k.gibson@randatmail.com,Kirsten,Gibson
300877,a.harrison@randatmail.com,Aldus,Harrison
300878,d.jones@randatmail.com,Daryl,Jones
300879,a.turner@randatmail.com,Alfred,Turner
300880,n.owens@randatmail.com,Ned,Owens
300881,NULL,NULL,NULL
300882,f.martin@randatmail.com,Florrie,Martin
300883,d.harris@randatmail.com,Daniel,Harris
300884,g.foster@randatmail.com,Grace,Foster
300885,m.edwards@randatmail.com,Miller,Edwards
300886,NULL,NULL,NULL
300887,p.owens@randatmail.com,Penelope,Owens
300888,NULL,NULL,NULL
300889,NULL,NULL,NULL
300890,j.wilson@randatmail.com,Jared,Wilson
300891,NULL,NULL,NULL
300892,s.watson@randatmail.com,Stuart,Watson
300893,NULL,NULL,NULL
300894,NULL,NULL,NULL
300895,a.holmes@randatmail.com,Adele,Holmes
300896,a.bailey@randatmail.com,Aiden,Bailey
300897,NULL,NULL,NULL
300898,s.kelly@randatmail.com,Sophia,Kelly
300899,NULL,NULL,NULL
300900,m.armstrong@randatmail.com,Melanie,Armstrong
300901,NULL,NULL,NULL
300902,a.nelson@randatmail.com,Adison,Nelson
300903,t.gray@randatmail.com,Tess,Gray
300904,NULL,NULL,NULL
300905,NULL,NULL,NULL
300906,NULL,NULL,NULL
300907,j.parker@randatmail.com,Jared,Parker
300908,e.edwards@randatmail.com,Elian,Edwards
300909,e.reed@randatmail.com,Evelyn,Reed
300910,NULL,NULL,NULL
300911,m.wells@randatmail.com,Melanie,Wells
300912,NULL,NULL,NULL
300913,NULL,NULL,NULL
300914,NULL,NULL,NULL
300915,NULL,NULL,NULL
300916,a.ross@randatmail.com,Amelia,Ross
300917,r.bailey@randatmail.com,Reid,Bailey
300918,NULL,NULL,NULL
300919,g.perkins@randatmail.com,Gianna,Perkins
300920,NULL,NULL,NULL
300921,NULL,NULL,NULL
300922,NULL,NULL,NULL
300923,NULL,NULL,NULL
300924,m.rogers@randatmail.com,Madaline,Rogers
300925,e.taylor@randatmail.com,Emily,Taylor
300926,a.dixon@randatmail.com,Arnold,Dixon
300927,l.cunningham@randatmail.com,Lydia,Cunningham
300928,a.walker@randatmail.com,Aston,Walker
300929,a.wells@randatmail.com,Alberta,Wells
300930,NULL,NULL,NULL
300931,NULL,NULL,NULL
300932,l.roberts@randatmail.com,Lilianna,Roberts
300933,a.gibson@randatmail.com,Aston,Gibson
300934,NULL,NULL,NULL
300935,NULL,NULL,NULL
300936,NULL,NULL,NULL
300937,f.davis@randatmail.com,Frederick,Davis
300938,j.moore@randatmail.com,Jack,Moore
300939,a.foster@randatmail.com,Adrianna,Foster
300940,m.martin@randatmail.com,Melanie,Martin
300941,NULL,NULL,NULL
300942,l.gibson@randatmail.com,Lyndon,Gibson
300943,d.ryan@randatmail.com,Deanna,Ryan
300944,a.perry@randatmail.com,Alberta,Perry
300945,c.barrett@randatmail.com,Connie,Barrett
300946,t.morrison@randatmail.com,Tara,Morrison
300947,NULL,NULL,NULL
300948,NULL,NULL,NULL
300949,NULL,NULL,NULL
300950,a.thompson@randatmail.com,Ada,Thompson
300951,t.barrett@randatmail.com,Tyler,Barrett
300952,NULL,NULL,NULL
300953,m.robinson@randatmail.com,Marcus,Robinson
300954,b.montgomery@randatmail.com,Brad,Montgomery
300955,t.baker@randatmail.com,Tess,Baker
300956,j.thompson@randatmail.com,Jasmine,Thompson
300957,NULL,NULL,NULL
300958,c.bennett@randatmail.com,Carlos,Bennett
300959,NULL,NULL,NULL
300960,NULL,NULL,NULL
300961,NULL,NULL,NULL
300962,NULL,NULL,NULL
300963,d.williams@randatmail.com,Daisy,Williams
300964,NULL,NULL,NULL
300965,NULL,NULL,NULL
300966,p.robinson@randatmail.com,Paige,Robinson
300967,j.smith@randatmail.com,Jared,Smith
300968,k.casey@randatmail.com,Kirsten,Casey
300969,NULL,NULL,NULL
300970,NULL,NULL,NULL
300971,NULL,NULL,NULL
300972,NULL,NULL,NULL
300973,a.grant@randatmail.com,Arianna,Grant
300974,a.parker@randatmail.com,Albert,Parker
300975,NULL,NULL,NULL
300976,NULL,NULL,NULL
300977,b.hawkins@randatmail.com,Belinda,Hawkins
300978,NULL,NULL,NULL
300979,r.morgan@randatmail.com,Rosie,Morgan
300980,v.turner@randatmail.com,Victoria,Turner
300981,p.morgan@randatmail.com,Paul,Morgan
300982,m.bailey@randatmail.com,Maria,Bailey
300983,a.kelly@randatmail.com,Adison,Kelly
300984,r.thompson@randatmail.com,Robert,Thompson
300985,NULL,NULL,NULL
300986,a.murphy@randatmail.com,Amanda,Murphy
300987,b.gray@randatmail.com,Briony,Gray
300988,h.owens@randatmail.com,Honey,Owens
300989,h.stewart@randatmail.com,Honey,Stewart
300990,r.ryan@randatmail.com,Ryan,Ryan
300991,m.brown@randatmail.com,Michelle,Brown
300992,NULL,NULL,NULL
300993,NULL,NULL,NULL
300994,m.sullivan@randatmail.com,Maya,Sullivan
300995,j.hamilton@randatmail.com,Justin,Hamilton
300996,a.henderson@randatmail.com,Agata,Henderson
300997,n.williams@randatmail.com,Natalie,Williams
300998,e.bennett@randatmail.com,Emma,Bennett
300999,NULL,NULL,NULL
301000,c.turner@randatmail.com,Catherine,Turner
301001,NULL,NULL,NULL
301002,NULL,NULL,NULL
301003,a.murphy@randatmail.com,Alisa,Murphy
301004,NULL,NULL,NULL
301005,a.cooper@randatmail.com,Amelia,Cooper
301006,NULL,NULL,NULL
301007,a.lloyd@randatmail.com,Arianna,Lloyd
301008,NULL,NULL,NULL
301009,NULL,NULL,NULL
301010,NULL,NULL,NULL
301011,s.lloyd@randatmail.com,Sophia,Lloyd
301012,NULL,NULL,NULL
301013,p.johnson@randatmail.com,Patrick,Johnson
301014,s.edwards@randatmail.com,Sarah,Edwards
301015,b.reed@randatmail.com,Brad,Reed
301016,a.brown@randatmail.com,Albert,Brown
301017,NULL,NULL,NULL
301018,f.jones@randatmail.com,Frederick,Jones
301019,n.bailey@randatmail.com,Naomi,Bailey
301020,r.armstrong@randatmail.com,Rafael,Armstrong
301021,b.morrison@randatmail.com,Blake,Morrison
301022,a.fowler@randatmail.com,Abraham,Fowler
301023,a.foster@randatmail.com,Andrew,Foster
301024,l.riley@randatmail.com,Luke,Riley
301025,NULL,NULL,NULL
301026,NULL,NULL,NULL
301027,NULL,NULL,NULL
301028,NULL,NULL,NULL
301029,g.foster@randatmail.com,Garry,Foster
301030,s.russell@randatmail.com,Sabrina,Russell
301031,NULL,NULL,NULL
301032,m.edwards@randatmail.com,Martin,Edwards
301033,k.ferguson@randatmail.com,Kristian,Ferguson
301034,t.gibson@randatmail.com,Tara,Gibson
301035,c.andrews@randatmail.com,Charlie,Andrews
301036,NULL,NULL,NULL
301037,v.jones@randatmail.com,Vivian,Jones
301038,NULL,NULL,NULL
301039,p.alexander@randatmail.com,Paul,Alexander
301040,m.perry@randatmail.com,Marcus,Perry
301041,a.chapman@randatmail.com,Alen,Chapman
301042,NULL,NULL,NULL
301043,d.mitchell@randatmail.com,David,Mitchell
301044,d.farrell@randatmail.com,Daryl,Farrell
301045,l.williams@randatmail.com,Lucas,Williams
301046,j.morris@randatmail.com,Jasmine,Morris
301047,NULL,NULL,NULL
301048,s.jones@randatmail.com,Sabrina,Jones
301049,NULL,NULL,NULL
301050,e.alexander@randatmail.com,Edgar,Alexander
301051,NULL,NULL,NULL
301052,NULL,NULL,NULL
301053,w.bailey@randatmail.com,William,Bailey
301054,t.tucker@randatmail.com,Tony,Tucker
301055,NULL,NULL,NULL
301056,NULL,NULL,NULL
301057,b.ellis@randatmail.com,Bruce,Ellis
301058,c.gibson@randatmail.com,Caroline,Gibson
301059,j.tucker@randatmail.com,Jacob,Tucker
301060,m.wilson@randatmail.com,Miley,Wilson
301061,h.casey@randatmail.com,Henry,Casey
301062,s.brown@randatmail.com,Stuart,Brown
301063,NULL,NULL,NULL
301064,d.lloyd@randatmail.com,Daryl,Lloyd
301065,b.brooks@randatmail.com,Belinda,Brooks
301066,j.wright@randatmail.com,Jenna,Wright
301067,NULL,NULL,NULL
301068,r.morris@randatmail.com,Ryan,Morris
301069,m.miller@randatmail.com,Mary,Miller
301070,NULL,NULL,NULL
301071,l.douglas@randatmail.com,Lilianna,Douglas
301072,a.stevens@randatmail.com,April,Stevens
301073,NULL,NULL,NULL
301074,k.montgomery@randatmail.com,Kate,Montgomery
301075,d.thompson@randatmail.com,Dainton,Thompson
301076,l.brown@randatmail.com,Lucy,Brown
301077,d.farrell@randatmail.com,Daniel,Farrell
301078,NULL,NULL,NULL
301079,c.taylor@randatmail.com,Camila,Taylor
301080,NULL,NULL,NULL
301081,NULL,NULL,NULL
301082,h.barrett@randatmail.com,Honey,Barrett
301083,a.kelley@randatmail.com,Alexander,Kelley
301084,NULL,NULL,NULL
301085,NULL,NULL,NULL
301086,e.campbell@randatmail.com,Emma,Campbell
301087,NULL,NULL,NULL
301088,NULL,NULL,NULL
301089,NULL,NULL,NULL
301090,NULL,NULL,NULL
301091,NULL,NULL,NULL
301092,n.clark@randatmail.com,Naomi,Clark
301093,NULL,NULL,NULL
301094,e.west@randatmail.com,Evelyn,West
301095,a.west@randatmail.com,April,West
301096,b.harris@randatmail.com,Brooke,Harris
301097,NULL,NULL,NULL
301098,NULL,NULL,NULL
301099,r.wright@randatmail.com,Robert,Wright
301100,c.chapman@randatmail.com,Chloe,Chapman
301101,NULL,NULL,NULL
301102,k.jones@randatmail.com,Kate,Jones
301103,b.warren@randatmail.com,Brooke,Warren
301104,e.baker@randatmail.com,Elian,Baker
301105,NULL,NULL,NULL
301106,NULL,NULL,NULL
301107,NULL,NULL,NULL
301108,a.harris@randatmail.com,Amanda,Harris
301109,k.fowler@randatmail.com,Kelsey,Fowler
301110,m.moore@randatmail.com,Maya,Moore
301111,NULL,NULL,NULL
301112,b.warren@randatmail.com,Blake,Warren
301113,m.turner@randatmail.com,Marcus,Turner
301114,b.sullivan@randatmail.com,Briony,Sullivan
301115,NULL,NULL,NULL
301116,m.walker@randatmail.com,Myra,Walker
301117,r.phillips@randatmail.com,Roman,Phillips
301118,j.reed@randatmail.com,Joyce,Reed
301119,NULL,NULL,NULL
301120,NULL,NULL,NULL
301121,NULL,NULL,NULL
301122,j.perry@randatmail.com,James,Perry
301123,l.bailey@randatmail.com,Lilianna,Bailey
301124,d.spencer@randatmail.com,Derek,Spencer
301125,d.ferguson@randatmail.com,David,Ferguson
301126,NULL,NULL,NULL
301127,r.harris@randatmail.com,Ryan,Harris
301128,NULL,NULL,NULL
301129,NULL,NULL,NULL
301130,k.cole@randatmail.com,Kirsten,Cole
301131,a.moore@randatmail.com,Aida,Moore
301132,a.carroll@randatmail.com,Adison,Carroll
301133,j.armstrong@randatmail.com,Jared,Armstrong
301134,NULL,NULL,NULL
301135,NULL,NULL,NULL
301136,h.payne@randatmail.com,Hailey,Payne
301137,NULL,NULL,NULL
301138,NULL,NULL,NULL
301139,j.cole@randatmail.com,James,Cole
301140,NULL,NULL,NULL
301141,NULL,NULL,NULL
301142,NULL,NULL,NULL
301143,NULL,NULL,NULL
301144,h.jones@randatmail.com,Haris,Jones
301145,d.perkins@randatmail.com,Daisy,Perkins
301146,j.parker@randatmail.com,Jack,Parker
301147,g.harrison@randatmail.com,Grace,Harrison
301148,c.perkins@randatmail.com,Chester,Perkins
301149,h.douglas@randatmail.com,Hailey,Douglas
301150,NULL,NULL,NULL
301151,a.spencer@randatmail.com,Ashton,Spencer
301152,s.howard@randatmail.com,Sofia,Howard
301153,p.wilson@randatmail.com,Paige,Wilson
301154,a.ellis@randatmail.com,Amanda,Ellis
301155,c.thompson@randatmail.com,Camila,Thompson
301156,NULL,NULL,NULL
301157,e.allen@randatmail.com,Eric,Allen
301158,s.turner@randatmail.com,Sophia,Turner
301159,b.montgomery@randatmail.com,Blake,Montgomery
301160,l.crawford@randatmail.com,Lyndon,Crawford
301161,NULL,NULL,NULL
301162,f.bailey@randatmail.com,Frederick,Bailey
301163,NULL,NULL,NULL
301164,e.taylor@randatmail.com,Elian,Taylor
301165,k.walker@randatmail.com,Kevin,Walker
301166,e.harris@randatmail.com,Eddy,Harris
301167,k.turner@randatmail.com,Kelsey,Turner
301168,NULL,NULL,NULL
301169,NULL,NULL,NULL
301170,NULL,NULL,NULL
301171,d.richardson@randatmail.com,Daniel,Richardson
301172,NULL,NULL,NULL
301173,a.hall@randatmail.com,Annabella,Hall
301174,k.bennett@randatmail.com,Kellan,Bennett
301175,s.taylor@randatmail.com,Sam,Taylor
301176,m.mason@randatmail.com,Miller,Mason
301177,c.bennett@randatmail.com,Connie,Bennett
301178,r.henderson@randatmail.com,Roland,Henderson
301179,a.morris@randatmail.com,Arianna,Morris
301180,NULL,NULL,NULL
301181,NULL,NULL,NULL
301182,NULL,NULL,NULL
301183,a.higgins@randatmail.com,Antony,Higgins
301184,NULL,NULL,NULL
301185,c.stevens@randatmail.com,Chloe,Stevens
301186,NULL,NULL,NULL
301187,NULL,NULL,NULL
301188,v.hamilton@randatmail.com,Victoria,Hamilton
301189,a.evans@randatmail.com,Alissa,Evans
301190,b.perkins@randatmail.com,Blake,Perkins
301191,m.riley@randatmail.com,Miley,Riley
301192,j.craig@randatmail.com,Jenna,Craig
301193,s.ferguson@randatmail.com,Sophia,Ferguson
301194,NULL,NULL,NULL
301195,c.craig@randatmail.com,Cherry,Craig
301196,e.parker@randatmail.com,Eric,Parker
301197,s.evans@randatmail.com,Sam,Evans
301198,d.kelley@randatmail.com,Daisy,Kelley
301199,NULL,NULL,NULL
301200,c.brooks@randatmail.com,Cadie,Brooks
301201,NULL,NULL,NULL
301202,NULL,NULL,NULL
301203,NULL,NULL,NULL
301204,s.warren@randatmail.com,Steven,Warren
301205,a.dixon@randatmail.com,Aldus,Dixon
301206,k.crawford@randatmail.com,Kimberly,Crawford
301207,a.west@randatmail.com,Alexander,West
301208,NULL,NULL,NULL
301209,NULL,NULL,NULL
301210,NULL,NULL,NULL
301211,r.wilson@randatmail.com,Rosie,Wilson
301212,NULL,NULL,NULL
301213,a.martin@randatmail.com,Abigail,Martin
301214,l.barnes@randatmail.com,Lucia,Barnes
301215,NULL,NULL,NULL
301216,a.hunt@randatmail.com,Alina,Hunt
301217,a.fowler@randatmail.com,Andrew,Fowler
301218,NULL,NULL,NULL
301219,NULL,NULL,NULL
301220,NULL,NULL,NULL
301221,NULL,NULL,NULL
301222,NULL,NULL,NULL
301223,d.richards@randatmail.com,Deanna,Richards
301224,r.alexander@randatmail.com,Roland,Alexander
301225,v.rogers@randatmail.com,Violet,Rogers
301226,l.richardson@randatmail.com,Luke,Richardson
301227,t.henderson@randatmail.com,Tiana,Henderson
301228,w.grant@randatmail.com,Wilson,Grant
301229,NULL,NULL,NULL
301230,t.allen@randatmail.com,Tyler,Allen
301231,a.perkins@randatmail.com,Amy,Perkins
301232,NULL,NULL,NULL
301233,a.riley@randatmail.com,Alexander,Riley
301234,o.richards@randatmail.com,Oscar,Richards
301235,NULL,NULL,NULL
301236,NULL,NULL,NULL
301237,NULL,NULL,NULL
301238,a.allen@randatmail.com,Alan,Allen
301239,p.johnston@randatmail.com,Paige,Johnston
301240,NULL,NULL,NULL
301241,NULL,NULL,NULL
301242,NULL,NULL,NULL
301243,NULL,NULL,NULL
301244,n.moore@randatmail.com,Nicholas,Moore
301245,c.edwards@randatmail.com,Catherine,Edwards
301246,f.henderson@randatmail.com,Frederick,Henderson
301247,NULL,NULL,NULL
301248,NULL,NULL,NULL
301249,NULL,NULL,NULL
301250,NULL,NULL,NULL
301251,c.bailey@randatmail.com,Chelsea,Bailey
301252,t.holmes@randatmail.com,Ted,Holmes
301253,a.perkins@randatmail.com,Alford,Perkins
301254,r.robinson@randatmail.com,Robert,Robinson
301255,a.ryan@randatmail.com,Amy,Ryan
301256,NULL,NULL,NULL
301257,b.morris@randatmail.com,Byron,Morris
301258,l.fowler@randatmail.com,Lyndon,Fowler
301259,NULL,NULL,NULL
301260,NULL,NULL,NULL
301261,e.alexander@randatmail.com,Elise,Alexander
301262,NULL,NULL,NULL
301263,s.russell@randatmail.com,Sam,Russell
301264,v.kelly@randatmail.com,Violet,Kelly
301265,r.armstrong@randatmail.com,Reid,Armstrong
301266,a.hawkins@randatmail.com,Albert,Hawkins
301267,m.rogers@randatmail.com,Miranda,Rogers
301268,NULL,NULL,NULL
301269,s.cameron@randatmail.com,Sarah,Cameron
301270,NULL,NULL,NULL
301271,t.wells@randatmail.com,Ted,Wells
301272,e.wells@randatmail.com,Elian,Wells
301273,NULL,NULL,NULL
301274,NULL,NULL,NULL
301275,NULL,NULL,NULL
301276,NULL,NULL,NULL
301277,a.dixon@randatmail.com,Arthur,Dixon
301278,m.craig@randatmail.com,Michelle,Craig
301279,NULL,NULL,NULL
301280,NULL,NULL,NULL
301281,v.west@randatmail.com,Victor,West
301282,e.fowler@randatmail.com,Eric,Fowler
301283,v.johnson@randatmail.com,Violet,Johnson
301284,o.evans@randatmail.com,Owen,Evans
301285,t.alexander@randatmail.com,Ted,Alexander
301286,s.bennett@randatmail.com,Sam,Bennett
301287,NULL,NULL,NULL
301288,NULL,NULL,NULL
301289,d.reed@randatmail.com,David,Reed
301290,r.bennett@randatmail.com,Roman,Bennett
301291,l.barrett@randatmail.com,Luke,Barrett
301292,a.hamilton@randatmail.com,Ashton,Hamilton
301293,g.wilson@randatmail.com,Grace,Wilson
301294,m.tucker@randatmail.com,Miranda,Tucker
301295,NULL,NULL,NULL
301296,t.murphy@randatmail.com,Tess,Murphy
301297,a.morrison@randatmail.com,Aiden,Morrison
301298,b.clark@randatmail.com,Brad,Clark
301299,c.scott@randatmail.com,Chester,Scott
